<?xml version="1.0" encoding="UTF-8"?>
<project-private xmlns="http://www.netbeans.org/ns/project-private/1">
    <editor-bookmarks xmlns="http://www.netbeans.org/ns/editor-bookmarks/2" lastBookmarkId="0"/>
    <open-files xmlns="http://www.netbeans.org/ns/projectui-open-files/2">
        <group>
            <file>file:/C:/Users/dell/Documents/NetBeansProjects/Campus_Recruitment_System/web/CompanyLoginJ.jsp</file>
            <file>file:/C:/Users/dell/Documents/NetBeansProjects/Campus_Recruitment_System/web/StudentLogin.jsp</file>
            <file>file:/C:/Users/dell/Documents/NetBeansProjects/Campus_Recruitment_System/web/HomeStudent.jsp</file>
            <file>file:/C:/Users/dell/Documents/NetBeansProjects/Campus_Recruitment_System/web/HomeCompany.jsp</file>
            <file>file:/C:/Users/dell/Documents/NetBeansProjects/Campus_Recruitment_System/web/SearchVacancy.jsp</file>
            <file>file:/C:/Users/dell/Documents/NetBeansProjects/Campus_Recruitment_System/web/StudentLoginJ.jsp</file>
            <file>file:/C:/Users/dell/Documents/NetBeansProjects/Campus_Recruitment_System/web/AllCompany.jsp</file>
            <file>file:/C:/Users/dell/Documents/NetBeansProjects/Campus_Recruitment_System/web/StudentRegistration.jsp</file>
            <file>file:/C:/Users/dell/Documents/NetBeansProjects/Campus_Recruitment_System/web/Vacancy.jsp</file>
            <file>file:/C:/Users/dell/Documents/NetBeansProjects/Campus_Recruitment_System/web/StudentJ.jsp</file>
            <file>file:/C:/Users/dell/Documents/NetBeansProjects/Campus_Recruitment_System/web/CompanyLogin.jsp</file>
            <file>file:/C:/Users/dell/Documents/NetBeansProjects/Campus_Recruitment_System/web/VacancyJ.jsp</file>
            <file>file:/C:/Users/dell/Documents/NetBeansProjects/Campus_Recruitment_System/web/About.jsp</file>
        </group>
    </open-files>
</project-private>
